bundle_file,original_workspace_relative_path,sha256
analysis/make_corrected_necromass_fig2.R,manuscript_analysis_scripts/07_revision/make_corrected_necromass_fig2.R,eb7f372a65d833b2e52716e27cef044bd9ec3dd60a689f0446310774d660e1f1
analysis/make_corrected_mineral_fig.R,manuscript_analysis_scripts/07_revision/make_corrected_mineral_fig.R,597a48b3e52d5b931b64ac8739d23c9326b27aa81d2882047a7c40826369202e
analysis/recompute_endpoint_reference_comparison.R,manuscript_analysis_scripts/07_revision/recompute_endpoint_reference_comparison.R,9dbddb815cfaa033208a730c38fd0a0429000d74bbc7e3176be7598d53b5715f
analysis/recompute_endpoint_reference_comparison.py,manuscript_analysis_scripts/07_revision/recompute_endpoint_reference_comparison.py,4e582b47fcc39eb62fba96aec1bb0b0d9124779100255643f8f602362bc75609
analysis/recompute_endpoint_transcriptome_fgsea.R,manuscript_analysis_scripts/07_revision/recompute_endpoint_transcriptome_fgsea.R,75268ba0bb5ddf866d15281aedc0687752136542919d98f4c739ccc28e4745d1
analysis/rebuild_endpoint_metabolite_pathway_summary.R,manuscript_analysis_scripts/07_revision/rebuild_endpoint_metabolite_pathway_summary.R,6fd525beefeaec3b9c91fc4bf01e61ca07481010b19f21d5743e8ac69942f6d7
analysis/make_proteome_metabolome_concordance_endpoint.R,manuscript_analysis_scripts/07_revision/make_proteome_metabolome_concordance_endpoint.R,f5415da04f41ed44becd478be7a7b829787dbe6d787b9c80133bf3daf45e1240
analysis/recompute_corrected_targeted_permanova.R,manuscript_analysis_scripts/07_revision/recompute_corrected_targeted_permanova.R,858788a17ec93b1d99f154295d54f2e058e9d93e464b6f17a53b346f8af76723
analysis/update_supplementary_metabolite_tables.R,manuscript_analysis_scripts/07_revision/update_supplementary_metabolite_tables.R,9af1384202621479cb89284d3f14d3365cc1372e12d6320b1ad885c4fb6857bb
analysis/restore_untargeted_s1_s2.R,manuscript_analysis_scripts/07_revision/restore_untargeted_s1_s2.R,6a71482fb6643b733459002472c3a84875cc3c340f97fefc330a0491fd52d1b9
mofa/MOFA2_corrected.R,outputs/manual-20260609-a8/presentations/mofa_composite_abcdef/assets/corrected_data/scripts/MOFA2_corrected.R,d1ee10a2ded07a284712aa04bf38522732689b71348954cd20a89717dbd910f3
mofa/Rhodano_postprocess_corrected.R,outputs/manual-20260609-a8/presentations/mofa_composite_abcdef/assets/corrected_data/scripts/Rhodano_postprocess_corrected.R,32466edc6dae36e9c49f1772566a6c0f539f1a84789a4c8a9a45448e09947ebc
mofa/make_mofa_species_module_panels_corrected.R,outputs/manual-20260609-a8/presentations/mofa_composite_abcdef/assets/corrected_data/scripts/make_mofa_species_module_panels_corrected.R,adf9a5e2ea7d05f1e30d5090c62f3e0fbe5dca6b1dd2039e0bd6ef159561e8b7
mofa/MOFA2_Bacillus_corrected.R,outputs/manual-20260609-a8/presentations/mofa_composite_abcdef/assets/corrected_data/scripts/MOFA2_Bacillus_corrected.R,95f55733fda0be6817e7a164bb8a5b085f6225e5083eb9f2f5f44e744d6c898f
mofa/audit_mofa_figure4.R,audit_mofa_figure4.R,338f44edf192d5f5885efc000b57016ffbd6dfc67d6b8aaad3ab416f4899c2fd
mofa/render_verified.py,outputs/manual-20260930-mofa-audit/render_verified.py,f4fae098fdd84423541180ab56a5b4d04c80f19241b370d2f0fe0a3c8fbd41b9
mofa/original_plot_helpers.py,outputs/manual-20260609-a8/presentations/mofa_composite_abcdef/assets/reproduce_panel.py,f1a26db6882051bb0e333a85388478f846087becc11a3cae2b4e09c33fcc68b3
retention/rebuild_corrected_mineral_prediction.R,outputs/manual-20260824-a1/presentations/proteome_mineral_support/assets/rebuild_corrected_mineral_prediction.R,715001279180dc8d579b4bff027e78441030574edd8c1fb21a46ba8ea782c3fb
retention/build_all_sorbent_predictions.R,outputs/manual-20260929-a1/build_all_sorbent_predictions.R,0b21223e21c850dc4e7f036c2c378dc5452267bb08d391ec5d1f5a630905e3ff
analysis/make_species_specific_untargeted_overlap.R,outputs/manual-20260929-a1/presentations/untargeted_overlap_species_specific/assets/make_species_specific_untargeted_overlap.R,f657386132e57f6a09501d9c79a47ea05fe272a2d93c0d3d6f4c16953f427161
figures/make_supplementary_figures_pdf.py,make_supplementary_figures_pdf.py,1e0a3e896ea2ff68cf2178bb39fefaefc667d13ad4bbd1adccc93687788fe565
figures/update_supplementary_pdf.py,update_supplementary_pdf.py,75c5914158b744030e667cb32f01fc26b7114f2fd08a21641fd2e42672ccb7ee
figures/update_s3_labels.py,update_s3_labels.py,6c763de85d22051a56c0340322a3c6acb931a2505943fb923f31c0bb058ea699
figures/update_s4_labels.py,update_s4_labels.py,1c1f89bbd2750dd672663ed1d2c54a6fa56eebea9e10aee5d82d93a7d0b54348
figures/add_s1_control_key.py,add_s1_control_key.py,4453c1c120d15c7a048c4895f5b5707d613b666c1f402414b1301cd4b37f26e6
